City_ID,City,Country,Lat,Lng,Max Temp,Humidity,Cloudiness,Wind Speed,Current Description,Date
0,Avarua,CK,-21.21,-159.78,71.6,88,100,9.17,overcast clouds,2020-09-05 17:01:45
1,Port Alfred,ZA,-33.59,26.89,63.64,74,84,9.78,broken clouds,2020-09-05 17:01:45
2,Busselton,AU,-33.65,115.33,63.0,71,79,20.38,broken clouds,2020-09-05 17:01:45
3,Mackenzie,CA,55.3,-123.17,53.6,93,75,2.24,broken clouds,2020-09-05 17:01:45
4,Atuona,PF,-9.8,-139.03,79.48,73,15,21.88,few clouds,2020-09-05 17:01:46
5,Punta Arenas,CL,-53.15,-70.92,39.2,86,40,9.17,scattered clouds,2020-09-05 16:59:28
6,Sochi,RU,43.6,39.73,77.0,83,90,2.24,light rain,2020-09-05 17:01:34
7,Bethel,US,41.37,-73.41,75.99,35,1,9.17,clear sky,2020-09-05 17:01:46
8,Jamestown,US,42.1,-79.24,66.99,55,75,12.75,broken clouds,2020-09-05 17:01:46
9,Souillac,MU,-20.52,57.52,69.8,83,75,12.75,shower rain,2020-09-05 17:01:47
10,Kapaa,US,22.08,-159.32,78.8,74,20,13.87,few clouds,2020-09-05 17:01:20
11,East London,ZA,-33.02,27.91,59.0,93,75,5.82,light rain,2020-09-05 17:01:47
12,Naliya,IN,23.27,68.83,83.07,78,0,10.02,clear sky,2020-09-05 17:01:47
13,Dawlatabad,AF,36.41,64.91,74.46,20,0,4.07,clear sky,2020-09-05 17:01:48
14,Jurado,CO,7.11,-77.76,84.0,70,47,6.91,light rain,2020-09-05 17:01:48
15,Gisenyi,RW,-1.7,29.26,71.8,55,60,0.92,broken clouds,2020-09-05 17:00:58
16,Clyde River,CA,70.47,-68.59,39.2,80,75,28.86,light intensity shower rain,2020-09-05 17:01:49
17,Sitka,US,57.05,-135.33,48.2,93,40,1.39,scattered clouds,2020-09-05 17:01:49
18,Albany,US,42.6,-73.97,75.0,35,0,1.01,clear sky,2020-09-05 17:00:40
19,Seoul,KR,37.57,126.98,69.8,73,90,2.35,overcast clouds,2020-09-05 16:56:57
20,Tateyama,JP,34.98,139.87,80.01,92,0,1.01,light rain,2020-09-05 17:01:49
21,Samarai,PG,-10.62,150.67,78.12,86,96,10.4,light rain,2020-09-05 17:01:50
22,Krasnoselkup,RU,65.7,82.47,50.11,81,100,14.09,overcast clouds,2020-09-05 17:01:50
23,Ushuaia,AR,-54.8,-68.3,44.6,56,75,16.11,shower rain,2020-09-05 17:01:50
24,Hobart,AU,-42.88,147.33,46.99,81,9,8.05,clear sky,2020-09-05 16:59:10
25,Mahebourg,MU,-20.41,57.7,69.8,83,75,12.75,shower rain,2020-09-05 17:01:51
26,Mehamn,NO,71.04,27.85,56.21,73,79,8.75,broken clouds,2020-09-05 17:01:51
27,Butaritari,KI,3.07,172.79,82.53,75,6,14.16,clear sky,2020-09-05 17:01:51
28,Bluff,NZ,-46.6,168.33,45.0,72,72,11.01,broken clouds,2020-09-05 17:01:51
29,Sola,VU,-13.88,167.55,77.79,77,79,21.81,broken clouds,2020-09-05 17:01:52
30,Dikson,RU,73.51,80.55,41.92,90,16,18.14,few clouds,2020-09-05 17:01:52
31,Codrington,AU,-38.27,141.97,42.6,93,13,8.14,few clouds,2020-09-05 17:01:52
32,Boyolangu,ID,-8.12,111.89,73.04,89,45,3.24,scattered clouds,2020-09-05 17:01:52
33,Gravdal,NO,68.12,13.5,54.05,87,100,9.46,overcast clouds,2020-09-05 17:01:53
34,Sayat,TM,38.78,63.88,82.4,24,0,13.87,clear sky,2020-09-05 17:01:53
35,Severo-Kurilsk,RU,50.68,156.12,52.56,72,89,3.67,overcast clouds,2020-09-05 17:01:53
36,Mahajanga,MG,-15.72,46.32,75.2,64,40,3.36,scattered clouds,2020-09-05 17:01:53
37,Javanrud,IR,34.8,46.52,84.2,14,20,5.7,few clouds,2020-09-05 17:01:54
38,Anori,BR,-3.77,-61.64,101.91,24,37,5.12,scattered clouds,2020-09-05 17:01:54
39,New Norfolk,AU,-42.78,147.06,46.99,73,39,3.0,scattered clouds,2020-09-05 17:01:54
40,Rikitea,PF,-23.12,-134.97,71.44,80,10,17.16,clear sky,2020-09-05 17:01:55
41,Dondo,MZ,-19.61,34.74,71.6,73,20,12.75,few clouds,2020-09-05 17:01:55
42,Hualmay,PE,-11.1,-77.61,66.15,65,44,10.96,scattered clouds,2020-09-05 17:01:55
43,Paso De Carrasco,UY,-34.86,-56.05,61.0,50,0,12.75,clear sky,2020-09-05 17:00:47
44,Upernavik,GL,72.79,-56.15,35.28,79,30,13.91,scattered clouds,2020-09-05 17:01:56
45,Vydrino,RU,51.48,104.85,50.32,87,100,10.63,light rain,2020-09-05 17:01:56
46,Carnarvon,AU,-24.87,113.63,64.4,100,40,8.05,scattered clouds,2020-09-05 17:01:56
47,Ponta Do Sol,PT,32.67,-17.1,73.0,67,79,5.99,broken clouds,2020-09-05 17:01:56
48,Urengoy,RU,65.97,78.37,50.56,62,90,17.29,overcast clouds,2020-09-05 17:01:57
49,Isangel,VU,-19.55,169.27,70.27,80,27,13.51,light rain,2020-09-05 17:01:57
50,Bosaso,SO,11.28,49.18,89.58,56,0,1.23,clear sky,2020-09-05 17:01:57
51,Puerto Escondido,MX,15.85,-97.07,84.2,62,40,4.7,scattered clouds,2020-09-05 17:01:57
52,Richards Bay,ZA,-28.78,32.04,67.64,70,0,13.09,clear sky,2020-09-05 17:01:58
53,Hithadhoo,MV,-0.6,73.08,77.67,85,100,31.41,heavy intensity rain,2020-09-05 17:01:58
54,Shache,CN,38.42,77.24,68.18,25,45,5.48,scattered clouds,2020-09-05 17:01:58
55,Pevek,RU,69.7,170.31,35.38,85,7,7.2,clear sky,2020-09-05 17:01:58
56,Shenjiamen,CN,29.96,122.3,73.94,73,0,17.29,clear sky,2020-09-05 17:01:58
57,Ribeira Grande,PT,38.52,-28.7,75.2,50,20,18.34,few clouds,2020-09-05 17:01:59
58,Puerto Del Rosario,ES,28.5,-13.86,78.8,69,20,23.04,few clouds,2020-09-05 17:01:59
59,Mataura,NZ,-46.19,168.86,45.0,72,46,11.01,scattered clouds,2020-09-05 17:02:00
60,Barra Do Corda,BR,-5.5,-45.25,101.52,20,95,7.61,overcast clouds,2020-09-05 17:00:13
61,Jacarezinho,BR,-23.16,-49.97,90.32,27,36,7.31,scattered clouds,2020-09-05 17:02:00
62,Fleury-Merogis,FR,48.64,2.36,69.01,42,65,10.29,broken clouds,2020-09-05 17:02:00
63,Bathsheba,BB,13.22,-59.52,87.8,70,20,16.11,few clouds,2020-09-05 17:02:00
64,Broken Hill,AU,-31.95,141.43,53.6,50,0,10.29,clear sky,2020-09-05 17:02:01
65,Raga,SS,8.46,25.68,73.04,92,98,2.73,light rain,2020-09-05 17:02:01
66,Burnie,AU,-41.07,145.92,46.0,88,58,1.99,broken clouds,2020-09-05 17:02:01
67,Rayevskiy,RU,54.07,54.95,51.3,82,0,5.21,clear sky,2020-09-05 17:02:01
68,Narsaq,GL,60.92,-46.05,46.4,93,75,4.7,heavy intensity drizzle,2020-09-05 17:02:02
69,Aklavik,CA,68.22,-135.01,33.8,74,90,6.93,overcast clouds,2020-09-05 17:02:02
70,Niamey,NE,13.51,2.11,89.6,55,40,5.82,scattered clouds,2020-09-05 16:58:24
71,Nikolskoye,RU,59.7,30.79,64.0,72,83,6.71,broken clouds,2020-09-05 17:02:02
72,Lagoa,PT,39.05,-27.98,68.92,74,70,21.99,broken clouds,2020-09-05 17:02:03
73,Goderich,CA,43.75,-81.72,66.99,83,70,3.0,broken clouds,2020-09-05 17:00:06
74,Puerto Ayora,EC,-0.74,-90.35,73.4,60,40,11.41,scattered clouds,2020-09-05 17:02:03
75,Katsuura,JP,35.13,140.3,80.01,92,2,1.01,clear sky,2020-09-05 17:02:03
76,Guerrero Negro,MX,27.98,-114.06,81.9,57,0,5.82,clear sky,2020-09-05 17:02:04
77,Nemuro,JP,43.32,145.57,62.85,96,99,7.27,overcast clouds,2020-09-05 17:02:04
78,Tasiilaq,GL,65.61,-37.64,41.0,75,75,6.93,broken clouds,2020-09-05 17:02:04
79,Port Elizabeth,ZA,-33.92,25.57,57.2,93,20,6.93,light rain,2020-09-05 17:02:04
80,Utete,TZ,-7.99,38.76,73.69,67,6,8.81,clear sky,2020-09-05 17:02:05
81,Beihai,CN,21.48,109.1,84.61,74,0,6.8,clear sky,2020-09-05 17:01:30
82,San Juan Del Sur,NI,11.25,-85.87,78.8,83,75,10.11,thunderstorm,2020-09-05 17:02:05
83,Cabo San Lucas,MX,22.89,-109.91,91.4,59,5,4.7,clear sky,2020-09-05 17:00:25
84,Progreso,MX,21.28,-89.67,89.01,66,75,10.29,broken clouds,2020-09-05 17:02:05
85,Saldanha,ZA,-33.01,17.94,55.4,87,98,8.05,overcast clouds,2020-09-05 16:57:56
86,Muravlenko,RU,63.79,74.52,48.38,67,100,24.0,overcast clouds,2020-09-05 17:02:06
87,Vaini,TO,-21.2,-175.2,69.8,64,75,13.87,broken clouds,2020-09-05 17:02:06
88,Bambous Virieux,MU,-20.34,57.76,69.8,83,75,12.75,shower rain,2020-09-05 17:02:06
89,Gushikawa,JP,26.35,127.87,78.8,94,1,24.16,clear sky,2020-09-05 17:02:06
90,Cayenne,GF,4.93,-52.33,78.8,88,12,10.29,light rain,2020-09-05 17:02:06
91,Anadyr,RU,64.75,177.48,39.2,86,97,4.47,overcast clouds,2020-09-05 17:02:07
92,Sao Joao Da Barra,BR,-21.64,-41.05,82.4,58,40,6.93,scattered clouds,2020-09-05 17:02:07
93,Yar-Sale,RU,66.83,70.83,41.52,76,38,8.41,scattered clouds,2020-09-05 17:02:07
94,Bredasdorp,ZA,-34.53,20.04,55.4,87,100,4.7,light rain,2020-09-05 17:02:08
95,San Carlos De Bariloche,AR,-41.15,-71.31,50.0,31,20,3.36,few clouds,2020-09-05 17:00:27
96,Byron Bay,AU,-28.65,153.62,64.0,93,40,8.05,scattered clouds,2020-09-05 17:02:08
97,Iberia,US,29.95,-91.75,91.99,70,1,4.7,clear sky,2020-09-05 16:58:11
98,Galveston,US,29.37,-94.97,90.0,74,1,11.41,clear sky,2020-09-05 17:02:08
99,Marevo,RU,57.31,32.08,59.18,85,87,5.68,overcast clouds,2020-09-05 17:02:08
100,Baruun-Urt,MN,46.68,113.28,59.11,60,92,10.29,overcast clouds,2020-09-05 17:02:09
101,La Palma,US,33.85,-118.05,88.0,54,1,4.59,clear sky,2020-09-05 17:02:09
102,Mar Del Plata,AR,-38.0,-57.56,50.0,71,75,12.75,broken clouds,2020-09-05 16:58:18
103,Saint-Georges,GD,12.06,-61.75,84.2,83,75,11.41,broken clouds,2020-09-05 17:01:26
104,Qaanaaq,GL,77.48,-69.36,29.16,82,1,4.72,clear sky,2020-09-05 17:02:09
105,Aswan,EG,24.09,32.91,101.21,18,53,13.06,broken clouds,2020-09-05 17:02:10
106,Kaifeng,CN,34.79,114.35,71.6,78,69,2.24,broken clouds,2020-09-05 17:02:10
107,Barrow,US,71.29,-156.79,37.4,93,90,4.7,overcast clouds,2020-09-05 16:59:30
108,Tuktoyaktuk,CA,69.45,-133.04,35.6,93,90,9.17,light rain,2020-09-05 17:02:10
109,Arraial Do Cabo,BR,-22.97,-42.03,80.6,74,23,9.17,few clouds,2020-09-05 17:02:10
110,Port Hedland,AU,-20.32,118.57,68.0,94,73,6.93,broken clouds,2020-09-05 17:02:11
111,Auki,SB,-8.77,160.7,77.14,87,85,4.07,overcast clouds,2020-09-05 17:02:11
112,Kidal,ML,18.44,1.41,98.49,25,89,10.83,overcast clouds,2020-09-05 17:02:11
113,Ahipara,NZ,-35.17,173.17,54.28,77,99,9.48,overcast clouds,2020-09-05 17:02:11
114,Bengkulu,ID,-3.8,102.27,75.87,90,98,3.85,moderate rain,2020-09-05 17:02:12
115,Namibe,AO,-15.2,12.15,66.24,69,0,4.29,clear sky,2020-09-05 17:02:12
116,Amga,RU,60.9,131.96,49.5,95,99,2.84,overcast clouds,2020-09-05 17:02:12
117,Saint George,US,37.1,-113.58,90.0,14,1,3.36,clear sky,2020-09-05 17:00:07
118,Saint-Philippe,RE,-21.36,55.77,66.2,88,75,14.99,broken clouds,2020-09-05 17:02:12
119,Lebu,CL,-37.62,-73.65,53.89,66,64,5.61,broken clouds,2020-09-05 17:02:13
120,Sao Filipe,CV,14.9,-24.5,80.76,75,100,4.07,moderate rain,2020-09-05 17:02:13
121,Wakkanai,JP,45.41,141.67,67.73,95,25,4.29,scattered clouds,2020-09-05 17:02:13
122,Hermanus,ZA,-34.42,19.23,54.0,94,100,9.64,light rain,2020-09-05 17:02:14
123,Great Yarmouth,GB,52.61,1.73,66.0,58,78,12.48,light rain,2020-09-05 17:02:07
124,Saskylakh,RU,71.92,114.08,38.34,88,79,9.78,broken clouds,2020-09-05 17:02:14
125,Tiksi,RU,71.69,128.87,43.79,96,100,10.4,light rain,2020-09-05 17:02:15
126,Sorsk,RU,54.0,90.25,36.16,87,0,4.32,clear sky,2020-09-05 17:02:15
127,Sibolga,ID,1.74,98.78,76.41,74,100,3.56,overcast clouds,2020-09-05 16:59:22
128,Nalut,LY,30.33,10.85,97.0,14,77,4.05,broken clouds,2020-09-05 17:02:09
129,Hamilton,US,39.18,-84.53,81.0,42,0,1.01,clear sky,2020-09-05 17:02:16
130,Chiang Klang,TH,19.29,100.86,76.98,83,67,1.41,broken clouds,2020-09-05 17:02:16
131,Arlit,NE,18.74,7.39,103.35,13,0,6.26,clear sky,2020-09-05 17:02:17
132,Shingu,JP,33.73,135.98,76.01,85,6,6.71,light rain,2020-09-05 17:02:17
133,Aripuana,BR,-9.17,-60.63,105.51,16,44,4.34,scattered clouds,2020-09-05 17:02:17
134,Muros,ES,42.78,-9.06,73.0,68,1,10.0,clear sky,2020-09-05 17:02:17
135,Lasa,IT,46.62,10.7,72.0,55,5,9.17,clear sky,2020-09-05 17:02:17
136,Ancud,CL,-41.87,-73.82,57.99,69,84,1.01,broken clouds,2020-09-05 17:02:18
137,Seddon,AU,-37.81,144.89,48.0,87,19,2.24,few clouds,2020-09-05 17:02:18
138,Pizarro,CO,4.95,-77.37,81.3,82,60,8.57,light rain,2020-09-05 17:02:18
139,Novogornyy,RU,55.63,60.79,44.6,93,4,6.71,clear sky,2020-09-05 17:02:18
140,Chavakkad,IN,10.53,76.05,80.6,94,90,8.05,light intensity drizzle,2020-09-05 17:02:19
141,Mecca,SA,21.43,39.83,92.64,32,17,4.27,few clouds,2020-09-05 16:58:21
142,Castro,BR,-24.79,-50.01,81.57,36,62,9.8,broken clouds,2020-09-05 17:02:19
143,Chateaudun,FR,48.08,1.33,68.0,40,83,6.93,broken clouds,2020-09-05 17:02:19
144,Broome,US,42.25,-75.83,73.0,48,1,12.75,clear sky,2020-09-05 17:02:20
145,Kodiak,US,57.79,-152.41,39.2,93,90,6.93,overcast clouds,2020-09-05 17:02:20
146,Adrar,MR,20.5,-10.07,101.64,20,80,15.59,broken clouds,2020-09-05 17:02:20
147,Liberal,US,37.04,-100.92,84.2,48,1,13.87,clear sky,2020-09-05 16:57:54
148,Saint-Pierre,RE,-21.34,55.48,66.2,88,75,14.99,broken clouds,2020-09-05 17:02:21
149,Georgetown,MY,5.41,100.34,80.6,88,20,3.36,few clouds,2020-09-05 16:58:33
150,Gari,RU,59.43,62.35,43.23,82,25,3.89,scattered clouds,2020-09-05 17:02:21
151,Lensk,RU,60.73,114.93,55.35,93,3,4.43,clear sky,2020-09-05 17:02:21
152,Moerai,PF,-22.43,-151.33,74.48,89,83,12.26,broken clouds,2020-09-05 17:02:21
153,Solone,UA,48.21,34.87,78.01,29,20,15.66,few clouds,2020-09-05 17:02:22
154,Acapulco,MX,16.86,-99.89,84.2,74,75,13.87,broken clouds,2020-09-05 16:59:32
155,Cape Town,ZA,-33.93,18.42,57.0,87,40,16.11,scattered clouds,2020-09-05 16:59:47
156,Havelock,US,34.88,-76.9,88.0,58,20,13.87,few clouds,2020-09-05 16:58:00
157,Porto Novo,BJ,6.5,2.6,80.6,78,40,19.46,scattered clouds,2020-09-05 17:02:22
158,Xingyi,CN,24.19,102.82,62.15,94,98,3.13,overcast clouds,2020-09-05 17:02:22
159,Niquelandia,BR,-14.47,-48.46,100.96,13,21,2.84,few clouds,2020-09-05 17:00:17
160,Ribeira Brava,PT,32.65,-17.07,73.0,86,81,3.0,broken clouds,2020-09-05 17:02:23
161,Christchurch,NZ,-43.53,172.63,52.0,100,100,2.24,overcast clouds,2020-09-05 16:59:35
162,Huron,US,41.15,-82.55,75.99,54,0,3.0,clear sky,2020-09-05 17:02:23
163,Portland,US,45.52,-122.68,64.0,72,90,1.25,overcast clouds,2020-09-05 16:58:57
164,Texarkana,US,33.43,-94.05,78.01,83,20,5.82,few clouds,2020-09-05 17:02:24
165,Epiniana,GR,39.14,21.61,71.01,54,0,3.0,clear sky,2020-09-05 17:02:24
166,Iqaluit,CA,63.75,-68.51,53.6,32,20,6.93,few clouds,2020-09-05 17:01:08
167,Endicott,US,42.1,-76.05,73.99,46,0,4.0,clear sky,2020-09-05 17:00:04
168,Smithers,CA,54.78,-127.17,51.8,100,90,4.7,light rain,2020-09-05 17:02:25
169,Ratnagiri,IN,16.98,73.3,81.46,88,94,5.03,overcast clouds,2020-09-05 17:02:25
170,Denpasar,ID,-8.65,115.22,78.8,100,20,4.7,few clouds,2020-09-05 17:01:19
171,Molchanovo,RU,57.58,83.77,45.91,97,87,8.05,light rain,2020-09-05 17:02:25
172,Vila Velha,BR,-20.33,-40.29,84.2,58,0,12.75,clear sky,2020-09-05 17:02:25
173,Selma,US,36.57,-119.61,84.99,51,1,3.8,clear sky,2020-09-05 17:02:26
174,Puerto Plata,DO,19.79,-70.69,89.6,70,20,17.22,few clouds,2020-09-05 17:02:26
175,Ust-Kut,RU,56.79,105.77,55.9,79,100,11.36,overcast clouds,2020-09-05 17:02:26
176,Coquimbo,CL,-29.95,-71.34,60.8,59,4,13.87,clear sky,2020-09-05 17:02:26
177,Cherskiy,RU,68.75,161.3,36.73,78,0,8.32,clear sky,2020-09-05 17:02:27
178,Mendoza,AR,-32.89,-68.83,62.6,25,0,8.05,clear sky,2020-09-05 16:59:16
179,Maldonado,UY,-34.67,-54.92,57.99,67,0,13.87,clear sky,2020-09-05 17:02:27
180,Lavrentiya,RU,65.58,-171.0,41.41,82,97,2.95,overcast clouds,2020-09-05 17:02:27
181,Luderitz,NA,-26.65,15.16,61.38,65,0,26.91,clear sky,2020-09-05 17:02:28
182,Eureka,US,40.8,-124.16,64.99,87,1,7.36,clear sky,2020-09-05 17:02:14
183,Yellowknife,CA,62.46,-114.35,48.99,75,75,11.41,broken clouds,2020-09-05 17:02:28
184,San Patricio,MX,19.22,-104.7,80.6,83,90,11.74,overcast clouds,2020-09-05 17:02:28
185,Buala,SB,-8.14,159.59,79.74,83,53,8.59,light rain,2020-09-05 17:02:28
186,Saint-Augustin,CA,51.23,-58.65,69.06,41,19,20.24,few clouds,2020-09-05 17:02:29
187,Nanortalik,GL,60.14,-45.24,48.88,88,95,12.55,overcast clouds,2020-09-05 17:02:29
188,Vestmannaeyjar,IS,63.44,-20.27,51.8,62,11,11.41,few clouds,2020-09-05 17:02:29
189,Bolivar,US,37.61,-93.41,82.99,71,22,5.57,light rain,2020-09-05 17:02:29
190,Rutland,US,43.62,-73.02,70.0,52,1,10.29,clear sky,2020-09-05 16:58:25
191,Victoria,HK,22.29,114.16,82.0,88,23,1.99,light rain,2020-09-05 16:59:19
192,Shakawe,BW,-18.37,21.85,75.22,18,0,5.99,clear sky,2020-09-05 17:02:30
193,Tashigang,BT,27.33,91.55,69.64,73,91,0.63,overcast clouds,2020-09-05 17:02:30
194,Catacaos,PE,-5.27,-80.68,80.74,37,4,8.66,clear sky,2020-09-05 17:02:30
195,Novyy Rogachik,RU,48.68,44.06,69.8,28,99,8.95,overcast clouds,2020-09-05 17:02:30
196,Luanda,AO,-8.84,13.23,73.4,78,40,6.93,scattered clouds,2020-09-05 17:02:16
197,Udachnyy,RU,66.42,112.4,44.6,81,90,2.24,overcast clouds,2020-09-05 17:02:31
198,Hilo,US,19.73,-155.09,73.4,83,40,1.19,scattered clouds,2020-09-05 17:02:31
199,Ketchikan,US,55.34,-131.65,55.4,100,75,3.36,broken clouds,2020-09-05 17:02:31
200,Kiunga,PG,-6.12,141.29,72.73,98,100,1.72,light rain,2020-09-05 17:02:32
201,Oranjestad,AW,12.52,-70.03,89.6,62,40,19.46,scattered clouds,2020-09-05 16:58:30
202,Saint Anthony,US,45.02,-93.22,75.0,46,1,6.17,clear sky,2020-09-05 17:02:32
203,Huangzhou,CN,30.45,114.8,78.8,74,84,4.47,broken clouds,2020-09-05 17:02:32
204,Leningradskiy,RU,69.38,178.42,32.68,94,59,4.27,broken clouds,2020-09-05 17:02:33
205,San Cristobal,VE,7.77,-72.22,89.6,55,20,8.05,few clouds,2020-09-05 17:02:33
206,Montemor-O-Novo,PT,38.65,-8.21,97.0,23,0,4.7,clear sky,2020-09-05 17:02:33
207,Asau,RO,46.43,26.4,64.99,82,40,3.62,scattered clouds,2020-09-05 17:02:33
208,Kamenka,RU,51.32,42.77,66.0,37,100,10.42,overcast clouds,2020-09-05 17:02:33
209,Khatanga,RU,71.97,102.5,37.63,79,96,8.46,overcast clouds,2020-09-05 17:02:34
210,Mbandaka,CD,0.05,18.26,75.31,85,100,5.53,overcast clouds,2020-09-05 17:02:35
211,Tuatapere,NZ,-46.13,167.68,45.0,72,40,11.01,scattered clouds,2020-09-05 17:02:35
212,Balkanabat,TM,39.51,54.37,83.88,22,25,5.21,scattered clouds,2020-09-05 17:02:36
213,Dingle,PH,11.0,122.67,77.52,90,98,2.15,overcast clouds,2020-09-05 17:02:36
214,Eenhana,NA,-17.47,16.33,93.2,14,0,4.7,clear sky,2020-09-05 17:02:36
215,Guarapari,BR,-20.67,-40.5,81.0,71,0,8.01,clear sky,2020-09-05 17:02:36
216,Harbour Breton,CA,47.48,-55.8,69.01,100,99,10.58,overcast clouds,2020-09-05 17:02:37
217,Dotnuva,LT,55.35,23.9,64.4,77,90,8.05,light intensity shower rain,2020-09-05 17:02:37
218,Kalemie,CD,-5.95,29.19,74.79,56,0,4.03,clear sky,2020-09-05 17:02:37
219,Ilulissat,GL,69.22,-51.1,39.2,80,75,6.93,broken clouds,2020-09-05 17:02:37
220,Constitucion,CL,-35.33,-72.42,55.42,71,85,10.85,overcast clouds,2020-09-05 17:02:38
221,Hasaki,JP,35.73,140.83,77.0,94,75,6.93,light intensity shower rain,2020-09-05 17:02:38
222,Longyearbyen,SJ,78.22,15.64,42.8,100,90,2.24,light intensity drizzle,2020-09-05 17:02:38
223,Hervey Bay,AU,-25.3,152.85,62.01,88,64,4.0,broken clouds,2020-09-05 16:59:08
224,Egvekinot,RU,66.32,-179.17,35.22,86,80,2.39,broken clouds,2020-09-05 17:02:38
225,Ormara,PK,25.21,64.64,81.36,84,0,14.43,clear sky,2020-09-05 17:02:39
226,Singapore,SG,1.29,103.85,78.8,88,40,1.12,scattered clouds,2020-09-05 16:58:03
227,Rorvik,NO,64.86,11.24,55.26,77,88,11.83,overcast clouds,2020-09-05 17:02:39
228,Thompson,CA,55.74,-97.86,53.6,58,20,6.93,few clouds,2020-09-05 17:02:39
229,Mapiripan,CO,2.89,-72.13,86.95,65,22,1.01,moderate rain,2020-09-05 17:02:39
230,Lagos,NG,6.58,3.75,76.69,83,94,9.71,overcast clouds,2020-09-05 17:01:08
231,Henties Bay,NA,-22.12,14.28,59.0,78,4,8.99,clear sky,2020-09-05 17:02:40
232,Vao,NC,-22.67,167.48,69.28,74,56,22.01,broken clouds,2020-09-05 17:02:40
233,Torbay,CA,47.67,-52.73,77.0,69,75,24.16,broken clouds,2020-09-05 17:02:40
234,Chokurdakh,RU,70.63,147.92,40.57,70,100,10.36,overcast clouds,2020-09-05 17:02:41
235,Beloha,MG,-25.17,45.05,63.73,71,6,16.62,clear sky,2020-09-05 17:02:41
236,Kedrovyy,RU,56.17,91.82,37.4,93,0,2.24,clear sky,2020-09-05 17:02:41
237,Avila,ES,40.58,-5.0,84.99,25,0,1.99,clear sky,2020-09-05 17:02:41
238,Milkovo,RU,54.72,158.62,43.23,78,45,1.19,scattered clouds,2020-09-05 17:02:42
239,Tilaran,CR,10.47,-84.97,84.2,79,40,3.36,scattered clouds,2020-09-05 17:00:06
240,Chernyshevskiy,RU,63.01,112.47,50.02,92,92,6.31,overcast clouds,2020-09-05 17:02:42
241,Narrabri,AU,-30.32,149.78,50.0,71,0,9.17,clear sky,2020-09-05 17:02:42
242,Lorengau,PG,-2.02,147.27,82.47,75,97,7.81,moderate rain,2020-09-05 17:02:42
243,Mbini,GQ,1.57,9.61,78.8,88,40,6.93,scattered clouds,2020-09-05 17:02:43
244,Hami,CN,42.8,93.45,77.45,21,0,16.13,clear sky,2020-09-05 17:02:43
245,Tabou,CI,4.42,-7.35,76.98,81,85,11.3,overcast clouds,2020-09-05 17:02:43
246,Vicksburg,US,32.35,-90.88,87.8,74,20,6.93,few clouds,2020-09-05 17:01:17
247,Benguela,AO,-12.58,13.41,71.6,78,90,5.95,overcast clouds,2020-09-05 17:02:44
248,Gallup,US,35.53,-108.74,82.0,21,1,3.36,clear sky,2020-09-05 17:02:44
249,Carlisle,US,40.2,-77.19,79.0,43,0,4.79,clear sky,2020-09-05 17:02:44
250,Faanui,PF,-16.48,-151.75,77.72,77,41,11.25,scattered clouds,2020-09-05 17:02:45
251,Neiafu,TO,-18.65,-173.98,71.6,60,20,10.29,few clouds,2020-09-05 17:02:45
252,Ambilobe,MG,-13.2,49.05,70.43,77,26,0.2,light rain,2020-09-05 17:02:45
253,Nizhnevartovsk,RU,60.93,76.55,42.8,100,90,6.71,light rain,2020-09-05 16:59:02
254,Namatanai,PG,-3.67,152.43,79.5,80,37,6.55,scattered clouds,2020-09-05 17:02:45
255,Maues,BR,-3.38,-57.72,103.8,17,63,4.38,broken clouds,2020-09-05 17:02:46
256,Ghanzi,BW,-21.57,21.78,72.16,22,0,8.25,clear sky,2020-09-05 17:02:46
257,Kualakapuas,ID,-3.01,114.39,74.23,91,39,2.24,scattered clouds,2020-09-05 17:02:47
258,Tiznit,MA,29.58,-9.5,83.5,44,9,6.91,light rain,2020-09-05 17:02:47
259,Neftcala,AZ,39.37,49.25,76.84,68,0,11.5,clear sky,2020-09-05 17:02:47
260,Cidreira,BR,-30.18,-50.21,58.21,91,100,15.43,overcast clouds,2020-09-05 17:02:47
261,Mackay,AU,-21.15,149.2,60.01,93,4,5.82,clear sky,2020-09-05 17:02:48
262,Ust-Tsilma,RU,65.44,52.15,56.26,84,100,5.48,overcast clouds,2020-09-05 17:02:48
263,At-Bashi,KG,41.17,75.81,53.15,41,1,1.77,clear sky,2020-09-05 17:02:48
264,Bandarbeyla,SO,9.49,50.81,76.12,81,7,32.1,clear sky,2020-09-05 17:02:49
265,Nsoko,SZ,-27.03,31.95,73.4,49,0,4.7,clear sky,2020-09-05 17:02:49
266,Hambantota,LK,6.12,81.12,81.61,77,98,12.44,overcast clouds,2020-09-05 16:59:47
267,Amahai,ID,-3.33,128.92,77.85,88,81,8.1,light rain,2020-09-05 17:02:49
268,Zapolyarnyy,RU,69.42,30.81,59.0,82,88,16.11,overcast clouds,2020-09-05 17:02:49
269,Solnechnyy,RU,50.72,136.63,57.81,88,69,4.85,broken clouds,2020-09-05 17:02:50
270,Volary,CZ,48.91,13.89,75.99,61,88,1.99,overcast clouds,2020-09-05 17:02:50
271,Okakarara,NA,-20.58,17.43,74.39,20,68,5.28,broken clouds,2020-09-05 17:02:50
272,Nkhata Bay,MW,-11.61,34.29,68.29,59,0,5.39,clear sky,2020-09-05 17:02:50
273,Srednekolymsk,RU,67.45,153.68,42.28,65,5,8.1,clear sky,2020-09-05 17:02:51
274,Meulaboh,ID,4.14,96.13,78.12,82,100,5.14,moderate rain,2020-09-05 17:02:51
275,Kodinsk,RU,58.69,99.18,45.05,92,100,4.54,overcast clouds,2020-09-05 17:02:51
276,Ciudad Bolivar,VE,8.12,-63.55,90.68,55,3,6.64,clear sky,2020-09-05 17:02:51
277,Pangody,RU,65.85,74.49,43.7,74,0,16.31,clear sky,2020-09-05 17:02:51
278,Bubaque,GW,11.28,-15.83,76.42,88,99,22.17,light rain,2020-09-05 17:02:52
279,Kuching,MY,1.55,110.33,77.0,94,40,2.24,scattered clouds,2020-09-05 17:02:52
280,Mirebalais,HT,18.83,-72.11,90.43,46,1,1.52,clear sky,2020-09-05 17:02:52
281,Pokhara,NP,28.23,83.98,71.58,81,13,2.42,light rain,2020-09-05 17:02:52
282,Rocha,UY,-34.48,-54.33,58.66,53,0,9.8,clear sky,2020-09-05 17:02:53
283,Rheine,DE,52.28,7.45,62.6,63,20,11.41,few clouds,2020-09-05 17:02:53
284,Palana,RU,59.12,159.97,39.04,75,8,6.15,clear sky,2020-09-05 17:02:53
285,San Juan Bautista,PE,-14.01,-75.74,64.0,77,0,9.17,clear sky,2020-09-05 17:00:06
286,Chuy,UY,-33.7,-53.46,57.52,63,2,10.0,clear sky,2020-09-05 17:02:54
287,Berdigestyakh,RU,62.1,126.7,49.62,87,44,1.34,scattered clouds,2020-09-05 17:02:54
288,Victor Harbor,AU,-35.57,138.62,42.01,91,0,5.28,clear sky,2020-09-05 17:02:54
289,Itoman,JP,26.12,127.67,78.8,94,75,34.45,light intensity shower rain,2020-09-05 17:02:54
290,Dharchula,IN,29.85,80.53,67.08,73,48,1.68,scattered clouds,2020-09-05 17:02:55
291,Shasta Lake,US,40.68,-122.37,84.0,42,0,1.97,clear sky,2020-09-05 16:58:42
292,Saquarema,BR,-22.92,-42.51,80.6,69,20,11.41,few clouds,2020-09-05 17:02:55
293,Aksu,CN,41.12,80.26,74.84,26,0,7.07,clear sky,2020-09-05 17:02:55
294,Nichinan,JP,31.6,131.37,79.34,88,100,16.75,moderate rain,2020-09-05 17:02:55
295,Airai,TL,-8.93,125.41,56.61,51,81,3.36,broken clouds,2020-09-05 17:02:56
296,Fuzhou,CN,26.06,119.31,78.8,65,0,8.95,light rain,2020-09-05 16:57:56
297,Hobyo,SO,5.35,48.53,77.07,80,48,26.51,scattered clouds,2020-09-05 17:02:56
298,Fort Nelson,CA,58.81,-122.7,48.2,81,75,2.24,shower rain,2020-09-05 17:00:10
299,Jumla,NP,29.27,82.18,59.74,71,23,1.5,few clouds,2020-09-05 17:02:56
300,Kaeo,NZ,-35.1,173.78,51.01,3,100,4.0,overcast clouds,2020-09-05 17:02:57
301,Krasnokholmskiy,RU,55.99,55.05,50.99,80,0,3.29,clear sky,2020-09-05 17:02:57
302,Campbell River,CA,50.02,-125.24,63.0,77,40,5.82,scattered clouds,2020-09-05 17:00:10
303,Murgab,TM,37.5,61.97,80.6,24,0,9.17,clear sky,2020-09-05 17:02:57
304,San,ML,13.3,-4.9,80.38,78,93,8.01,light rain,2020-09-05 17:00:02
305,Kenai,US,60.55,-151.26,42.01,100,20,4.03,fog,2020-09-05 17:02:58
306,Dawei,MM,14.08,98.2,78.82,86,100,1.83,overcast clouds,2020-09-05 17:02:58
307,Makakilo City,US,21.35,-158.09,78.8,78,20,3.36,few clouds,2020-09-05 16:59:00
308,Tucuman,AR,-26.82,-65.22,73.4,33,19,9.17,few clouds,2020-09-05 17:02:58
309,Sao Francisco De Assis,BR,-29.55,-55.13,64.89,76,55,12.64,broken clouds,2020-09-05 17:02:59
310,Olafsvik,IS,64.89,-23.71,48.4,61,0,8.46,clear sky,2020-09-05 17:02:59
311,Kawalu,ID,-7.38,108.21,69.44,84,32,1.03,scattered clouds,2020-09-05 17:02:59
312,Kiama,AU,-34.68,150.87,54.0,89,32,5.03,light rain,2020-09-05 17:02:59
313,Dunedin,NZ,-45.87,170.5,48.99,51,95,5.53,overcast clouds,2020-09-05 17:03:00
314,Do Gonbadan,IR,30.36,50.8,89.6,25,0,1.21,clear sky,2020-09-05 17:03:00
315,Sao Felix Do Xingu,BR,-6.64,-51.99,105.21,14,81,3.91,broken clouds,2020-09-05 17:03:00
316,Barillas,GT,15.8,-91.32,74.25,69,81,5.35,light rain,2020-09-05 17:03:00
317,Calmar,CA,53.27,-113.82,59.0,87,90,3.36,overcast clouds,2020-09-05 17:03:01
318,Rawson,AR,-43.3,-65.1,55.56,42,26,17.45,scattered clouds,2020-09-05 17:03:01
319,Hillsborough,US,37.57,-122.38,75.0,72,40,1.19,scattered clouds,2020-09-05 16:59:10
320,Caravelas,BR,-17.71,-39.25,80.73,56,19,8.5,few clouds,2020-09-05 17:03:01
321,Asyut,EG,27.18,31.18,99.59,18,0,8.39,clear sky,2020-09-05 17:03:02
322,Nacozari,MX,25.34,-108.26,100.0,56,26,4.0,scattered clouds,2020-09-05 17:03:02
323,Marsh Harbour,BS,26.54,-77.06,85.48,65,32,10.87,scattered clouds,2020-09-05 17:00:08
324,Alice Springs,AU,-23.7,133.88,59.0,22,0,6.93,clear sky,2020-09-05 17:03:02
325,Salalah,OM,17.02,54.09,80.6,78,75,5.82,broken clouds,2020-09-05 17:03:02
326,Mumford,GH,5.26,-0.76,76.68,79,59,13.42,broken clouds,2020-09-05 17:03:03
327,San Juan,AR,-31.54,-68.54,63.93,29,0,10.22,clear sky,2020-09-05 17:03:03
328,Beira,MZ,-19.84,34.84,71.6,73,20,12.75,few clouds,2020-09-05 17:03:03
329,Toila,EE,59.42,27.5,59.52,84,82,11.27,broken clouds,2020-09-05 17:03:03
330,Nacala,MZ,-14.54,40.67,72.54,71,9,12.08,clear sky,2020-09-05 17:03:04
331,Muzaffarabad,PK,34.37,73.47,72.82,66,0,2.84,clear sky,2020-09-05 17:03:04
332,Kaitangata,NZ,-46.28,169.85,48.99,51,80,6.2,broken clouds,2020-09-05 17:03:04
333,Pangnirtung,CA,66.15,-65.71,46.4,61,20,12.75,few clouds,2020-09-05 17:03:05
334,La Joya,MX,18.67,-99.47,81.0,68,90,4.7,overcast clouds,2020-09-05 17:03:05
335,Saint Pete Beach,US,27.73,-82.74,93.99,1,42,6.6,scattered clouds,2020-09-05 16:58:32
336,Paredon,MX,16.03,-93.87,85.69,68,79,5.91,broken clouds,2020-09-05 17:03:05
337,Sorong,ID,-0.88,131.25,79.03,88,58,9.44,light rain,2020-09-05 17:03:05
338,Marawi,PH,8.0,124.29,75.0,92,100,4.0,overcast clouds,2020-09-05 17:03:06
339,Puerto Narino,CO,-3.77,-70.38,86.0,84,75,5.82,broken clouds,2020-09-05 17:03:06
340,Dibulla,CO,11.27,-73.31,88.34,67,58,5.86,broken clouds,2020-09-05 17:03:06
341,Hofn,IS,64.25,-15.21,47.34,66,69,10.36,broken clouds,2020-09-05 17:03:06
342,Inuvik,CA,68.35,-133.72,33.8,72,90,6.93,overcast clouds,2020-09-05 16:59:39
343,Grand Gaube,MU,-20.01,57.66,69.01,76,2,4.0,clear sky,2020-09-05 17:03:07
344,The Valley,AI,18.22,-63.06,89.6,66,20,16.11,few clouds,2020-09-05 17:03:07
345,Grindavik,IS,63.84,-22.43,51.8,57,32,9.17,scattered clouds,2020-09-05 17:03:07
346,Birao,CF,10.28,22.79,76.41,83,92,2.98,light rain,2020-09-05 17:02:08
347,Linjiang,CN,41.81,126.91,55.65,80,73,1.79,broken clouds,2020-09-05 17:03:07
348,Mareeba,AU,-17.0,145.43,68.0,82,40,6.93,scattered clouds,2020-09-05 17:03:08
349,Raudeberg,NO,61.99,5.14,51.01,93,100,22.12,light rain,2020-09-05 17:03:08
350,Bilma,NE,18.69,12.92,102.85,14,57,3.69,broken clouds,2020-09-05 17:03:08
351,Les Cayes,HT,18.2,-73.75,87.28,52,65,5.59,broken clouds,2020-09-05 17:03:08
352,Beidao,CN,34.57,105.89,60.3,77,55,1.36,broken clouds,2020-09-05 17:03:09
353,Mahon,ES,39.89,4.27,77.0,69,40,10.29,scattered clouds,2020-09-05 17:03:09
354,Yermakovskoye,RU,53.28,92.4,46.98,71,73,1.12,broken clouds,2020-09-05 17:03:09
355,Taoudenni,ML,22.68,-3.98,106.12,12,3,17.76,clear sky,2020-09-05 17:03:09
356,Laguna,US,38.42,-121.42,82.0,44,1,2.59,clear sky,2020-09-05 16:59:05
357,Toyooka,JP,35.53,134.83,75.27,89,5,0.87,light rain,2020-09-05 17:03:10
358,Kirakira,SB,-10.45,161.92,79.34,83,100,12.28,light rain,2020-09-05 17:03:10
359,Bratsk,RU,56.13,101.61,42.8,100,100,6.71,overcast clouds,2020-09-05 17:03:10
360,Marzuq,YE,14.4,46.47,81.54,47,84,10.0,broken clouds,2020-09-05 17:03:11
361,San Jose,US,37.34,-121.89,80.01,64,75,0.83,smoke,2020-09-05 17:01:22
362,Mana,GF,5.66,-53.78,84.96,67,13,8.72,light rain,2020-09-05 17:03:11
363,Banda Aceh,ID,5.56,95.32,81.05,73,96,12.12,overcast clouds,2020-09-05 17:03:11
364,Findlay,US,41.04,-83.65,80.01,41,1,10.29,clear sky,2020-09-05 17:03:12
365,Touros,BR,-5.2,-35.46,84.2,54,40,12.75,scattered clouds,2020-09-05 17:03:12
366,Necochea,AR,-38.55,-58.74,48.99,72,83,8.01,broken clouds,2020-09-05 17:01:57
367,Karratha,AU,-20.74,116.85,69.58,73,74,7.76,broken clouds,2020-09-05 17:03:12
368,Norman Wells,CA,65.28,-126.83,42.8,87,75,3.36,broken clouds,2020-09-05 17:03:12
369,Sabzevar,IR,36.21,57.68,76.87,18,60,8.3,broken clouds,2020-09-05 17:03:13
370,Zhoucheng,CN,35.91,116.31,70.65,81,81,4.5,broken clouds,2020-09-05 17:03:13
371,Yongan,CN,39.7,113.69,62.87,50,53,5.41,broken clouds,2020-09-05 17:03:13
372,Kruisfontein,ZA,-34.0,24.73,57.0,91,100,1.99,light rain,2020-09-05 17:03:13
373,Guantanamo,CU,20.14,-75.21,89.01,66,40,14.99,scattered clouds,2020-09-05 17:03:14
374,Libourne,FR,44.92,-0.25,75.2,60,75,11.41,broken clouds,2020-09-05 17:03:14
375,Chimoio,MZ,-19.12,33.48,68.0,68,75,8.05,broken clouds,2020-09-05 17:03:14
376,Mananjary,MG,-21.22,48.33,65.88,86,58,7.81,light rain,2020-09-05 17:03:14
377,Peniche,PT,39.36,-9.38,79.0,68,0,5.01,clear sky,2020-09-05 17:03:14
378,San Lorenzo,PY,-25.33,-57.53,91.4,33,0,5.82,clear sky,2020-09-05 17:03:15
379,Tomatlan,MX,19.93,-105.25,80.24,89,100,5.66,light rain,2020-09-05 17:03:15
380,Kuito,AO,-12.38,16.93,72.32,22,26,3.91,scattered clouds,2020-09-05 17:03:15
381,Tocopilla,CL,-22.09,-70.2,66.81,47,14,8.12,few clouds,2020-09-05 17:03:15
382,Sorland,NO,67.67,12.69,53.64,86,100,7.63,overcast clouds,2020-09-05 17:03:16
383,Beyneu,KZ,45.32,55.2,69.87,28,55,17.6,broken clouds,2020-09-05 17:03:16
384,Suclayin,PH,15.76,121.55,79.54,82,81,3.09,broken clouds,2020-09-05 17:03:16
385,Okato,NZ,-39.2,173.88,54.37,85,100,11.5,light rain,2020-09-05 17:03:16
386,San Vicente,AR,-26.62,-54.13,86.47,33,32,5.08,scattered clouds,2020-09-05 17:03:17
387,Khudumelapye,BW,-23.88,24.75,71.78,25,5,8.25,clear sky,2020-09-05 17:03:17
388,Banamba,ML,13.55,-7.45,82.6,71,99,0.78,moderate rain,2020-09-05 17:03:17
389,Talnakh,RU,69.49,88.4,39.2,80,0,15.66,clear sky,2020-09-05 17:03:17
390,Boralday,KZ,43.36,76.86,62.6,67,40,4.47,scattered clouds,2020-09-05 17:03:17
391,Deep River,CA,46.1,-77.5,64.99,52,75,10.13,light rain,2020-09-05 17:03:18
392,Dubbo,AU,-32.25,148.62,46.4,87,0,12.75,clear sky,2020-09-05 17:03:18
393,Pinega,RU,64.7,43.39,62.35,69,100,10.63,overcast clouds,2020-09-05 17:03:18
394,Venezuela,VE,8.0,-66.0,90.52,57,11,10.87,few clouds,2020-09-05 17:03:19
395,Aguimes,ES,27.91,-15.45,82.0,65,1,26.4,clear sky,2020-09-05 17:03:19
396,Sujiatun,CN,41.66,123.34,64.4,82,67,6.71,light rain,2020-09-05 17:03:19
397,Bilibino,RU,68.05,166.44,29.44,93,8,2.93,clear sky,2020-09-05 17:03:19
398,Lata,PT,40.16,-8.33,89.01,43,0,7.18,clear sky,2020-09-05 17:03:20
399,Stromness,GB,58.97,-3.3,51.8,87,17,13.87,few clouds,2020-09-05 17:03:20
400,Mrakovo,RU,52.72,56.62,49.33,74,28,2.95,scattered clouds,2020-09-05 17:03:20
401,Tessalit,ML,20.2,1.01,95.04,28,45,14.85,scattered clouds,2020-09-05 17:03:20
402,Naze,JP,28.37,129.48,80.6,94,90,28.86,light rain,2020-09-05 17:03:21
403,Roma,US,43.21,-75.46,72.0,56,20,8.05,few clouds,2020-09-05 17:00:05
404,Gornopravdinsk,RU,60.05,69.9,49.39,68,100,8.55,overcast clouds,2020-09-05 17:03:21
405,Coahuayana,MX,18.73,-103.68,73.4,78,90,5.86,mist,2020-09-05 17:03:21
406,Atherton,GB,53.52,-2.49,60.01,77,66,4.0,light rain,2020-09-05 17:03:21
407,Nome,US,64.5,-165.41,39.2,86,40,8.05,scattered clouds,2020-09-05 17:02:25
408,Clarence Town,AU,-32.58,151.78,55.0,93,90,4.7,overcast clouds,2020-09-05 17:03:22
409,Matamoros,MX,25.53,-103.25,80.6,51,40,17.22,scattered clouds,2020-09-05 17:03:22
410,Abu Samrah,SY,35.3,37.18,88.07,18,0,10.27,clear sky,2020-09-05 17:03:22
411,Sao Joao Batista,BR,-27.28,-48.85,72.0,84,93,3.0,overcast clouds,2020-09-05 17:03:22
412,Ust-Ishim,RU,57.69,71.17,47.75,75,99,6.49,overcast clouds,2020-09-05 17:02:04
413,Tadine,NC,-21.55,167.88,68.83,73,60,16.53,broken clouds,2020-09-05 17:03:23
414,Ende,ID,-8.84,121.66,74.91,79,79,2.51,broken clouds,2020-09-05 17:03:23
415,Traverse City,US,44.76,-85.62,69.8,56,75,6.93,broken clouds,2020-09-05 17:03:23
416,Cabedelo,BR,-6.98,-34.83,84.2,51,75,17.22,broken clouds,2020-09-05 17:01:03
417,Cidahu,ID,-6.31,106.06,82.0,74,69,2.01,broken clouds,2020-09-05 17:03:24
418,Esperance,AU,-33.87,121.9,53.6,71,27,9.17,scattered clouds,2020-09-05 17:03:24
419,Cockburn Town,TC,21.46,-71.14,84.2,79,75,4.7,broken clouds,2020-09-05 17:01:48
420,Morondava,MG,-20.28,44.28,72.63,70,0,11.36,clear sky,2020-09-05 17:03:24
421,Moose Factory,CA,51.26,-80.61,53.6,81,90,11.41,overcast clouds,2020-09-05 17:03:25
422,Imbituba,BR,-28.24,-48.67,64.4,93,90,9.17,overcast clouds,2020-09-05 17:02:11
423,Provideniya,RU,64.38,-173.3,40.39,78,100,5.12,overcast clouds,2020-09-05 17:03:25
424,Kloulklubed,PW,7.04,134.26,77.0,94,90,3.36,overcast clouds,2020-09-05 17:03:25
425,Skjervoy,NO,70.03,20.97,50.47,95,100,2.3,overcast clouds,2020-09-05 17:03:25
426,Qaqortoq,GL,60.72,-46.03,46.4,93,75,4.7,heavy intensity drizzle,2020-09-05 17:03:26
427,Qui Nhon,VN,13.77,109.23,80.38,83,97,4.43,overcast clouds,2020-09-05 17:03:26
428,Saint-Francois,FR,46.42,3.91,75.2,50,52,16.11,broken clouds,2020-09-05 17:03:26
429,Prince George,CA,53.92,-122.75,59.0,87,1,8.05,clear sky,2020-09-05 17:00:10
430,Nizhnyaya Salda,RU,58.08,60.72,46.38,91,4,2.48,clear sky,2020-09-05 17:03:27
431,Olga,RU,43.74,135.29,64.56,86,99,1.66,overcast clouds,2020-09-05 17:03:27
432,Conceicao Do Araguaia,BR,-8.26,-49.26,102.87,15,36,7.49,scattered clouds,2020-09-05 17:00:41
433,Amapa,BR,1.0,-52.0,92.8,43,64,6.02,broken clouds,2020-09-05 17:03:27
434,Alyangula,AU,-13.85,136.42,66.2,93,79,4.92,broken clouds,2020-09-05 17:03:27
435,Waw,SS,7.7,28.0,74.86,87,86,3.87,light rain,2020-09-05 17:03:28
436,Oussouye,SN,12.48,-16.55,82.4,83,75,6.93,broken clouds,2020-09-05 17:03:28
437,Northam,GB,51.03,-4.22,61.0,77,9,4.0,clear sky,2020-09-05 17:03:28
438,Priargunsk,RU,50.37,119.1,51.42,90,0,4.14,clear sky,2020-09-05 17:03:28
439,South Lake Tahoe,US,38.93,-119.98,79.0,42,1,2.17,clear sky,2020-09-05 16:59:42
440,Husavik,IS,66.04,-17.34,51.8,50,60,6.93,broken clouds,2020-09-05 17:02:46
441,Ena,JP,35.45,137.41,80.01,88,40,4.7,scattered clouds,2020-09-05 17:03:29
442,Waipawa,NZ,-41.41,175.52,57.2,87,100,27.51,overcast clouds,2020-09-05 17:03:29
443,Hangha,SL,7.94,-11.14,76.15,94,62,4.54,moderate rain,2020-09-05 17:03:29
444,Kargil,IN,34.57,76.1,57.6,48,55,8.39,broken clouds,2020-09-05 17:03:30
445,Jitotol,MX,17.03,-92.87,78.8,78,75,2.59,broken clouds,2020-09-05 17:03:30
446,Margate,GB,51.38,1.39,64.99,79,58,5.01,broken clouds,2020-09-05 17:03:30
447,Bure,ET,10.7,37.07,56.95,91,24,2.91,light rain,2020-09-05 17:03:30
448,Charters Towers,AU,-20.1,146.27,60.04,90,0,5.03,clear sky,2020-09-05 17:03:30
449,Klaksvik,FO,62.23,-6.59,46.4,81,97,18.34,light rain,2020-09-05 17:03:31
450,Belaya Glina,RU,46.07,40.86,81.82,30,92,16.31,overcast clouds,2020-09-05 17:03:31
451,Langenburg,DE,49.25,9.85,69.01,72,20,11.41,few clouds,2020-09-05 17:03:31
452,Takoradi,GH,4.88,-1.76,77.54,77,90,11.86,overcast clouds,2020-09-05 17:03:31
453,Kailua,US,21.4,-157.74,78.8,65,90,9.17,overcast clouds,2020-09-05 17:03:32
454,Port Angeles,US,48.12,-123.43,61.0,82,90,5.82,overcast clouds,2020-09-05 16:58:56
455,Aksarka,RU,66.56,67.8,43.25,77,39,3.8,scattered clouds,2020-09-05 17:03:32
456,Darab,IR,28.75,54.54,83.08,14,0,0.16,clear sky,2020-09-05 17:03:32
457,Coihaique,CL,-45.58,-72.07,42.8,70,75,2.24,broken clouds,2020-09-05 17:03:32
458,Qingyuan,CN,23.7,113.03,86.0,78,75,2.24,broken clouds,2020-09-05 17:03:33
459,Tanete,ID,-3.94,119.78,74.43,85,92,5.75,overcast clouds,2020-09-05 17:03:33
460,Lompoc,US,34.64,-120.46,68.0,72,1,6.51,clear sky,2020-09-05 17:03:33
461,Arcachon,FR,44.59,-1.05,75.2,68,75,13.87,broken clouds,2020-09-05 17:03:33
462,Carroll,US,39.55,-77.02,75.99,41,1,4.7,clear sky,2020-09-05 17:03:34
463,Praia,CV,14.92,-23.51,75.2,94,75,17.22,broken clouds,2020-09-05 17:00:03
464,Aykhal,RU,66.0,111.5,44.6,81,90,2.24,overcast clouds,2020-09-05 17:03:34
465,San Joaquin,VE,10.26,-67.79,84.25,62,3,4.9,clear sky,2020-09-05 17:03:34
466,Port Lincoln,AU,-34.73,135.87,52.97,83,18,8.23,few clouds,2020-09-05 17:03:34
467,Santa Barbara,US,34.42,-119.7,95.0,77,1,3.36,haze,2020-09-05 17:02:37
468,Valea Ierii,RO,46.65,23.35,73.4,49,12,5.82,few clouds,2020-09-05 17:03:35
469,Tepalcatepec,MX,19.18,-102.85,84.92,63,71,2.98,light rain,2020-09-05 17:03:35
470,Erdemli,TR,36.6,34.31,81.9,64,0,7.0,clear sky,2020-09-05 17:03:35
471,Hirara,JP,24.8,125.28,81.86,79,33,28.83,light rain,2020-09-05 17:03:35
472,Mitu,CO,1.2,-70.17,90.66,55,3,1.32,light rain,2020-09-05 17:03:36
473,Oshakati,NA,-17.78,15.68,93.2,14,0,4.7,clear sky,2020-09-05 17:03:36
474,Nuuk,GL,64.18,-51.72,48.2,93,90,3.27,light rain,2020-09-05 17:03:36
475,Shaunavon,CA,49.65,-108.42,76.77,28,37,14.45,scattered clouds,2020-09-05 17:03:36
476,Vardo,NO,70.37,31.11,55.22,83,49,12.68,scattered clouds,2020-09-05 17:03:37
477,Madingou,CG,-4.15,13.55,91.63,35,20,7.29,few clouds,2020-09-05 17:03:37
478,Seymchan,RU,62.88,152.43,45.73,76,0,8.01,clear sky,2020-09-05 17:03:37
479,Czarnkow,PL,52.9,16.56,64.0,77,90,6.93,overcast clouds,2020-09-05 17:03:37
480,Blairmore,CA,49.6,-114.44,78.01,40,0,8.05,clear sky,2020-09-05 17:03:37
481,Batagay-Alyta,RU,67.8,130.41,42.51,78,51,1.72,broken clouds,2020-09-05 17:03:38
482,Bathurst,AU,-33.42,149.58,39.99,84,0,2.86,clear sky,2020-09-05 17:03:38
483,Bonthe,SL,7.53,-12.51,80.49,76,70,10.92,broken clouds,2020-09-05 17:03:03
484,Kongolo,CD,-5.38,27.0,85.87,26,0,2.15,clear sky,2020-09-05 17:03:38
485,Enshi,CN,30.3,109.48,72.37,77,100,1.7,overcast clouds,2020-09-05 17:03:39
486,Tolaga Bay,NZ,-38.37,178.3,50.34,75,98,4.16,overcast clouds,2020-09-05 17:03:39
487,Frontera,MX,26.93,-101.45,75.2,73,75,6.93,broken clouds,2020-09-05 17:03:39
488,Ben Tre,VN,10.23,106.38,78.04,90,88,3.33,overcast clouds,2020-09-05 17:03:39
489,Novopokrovka,UA,49.84,36.55,69.8,30,100,11.18,overcast clouds,2020-09-05 17:03:40
490,Jardim,BR,-21.48,-56.14,98.94,19,64,8.41,broken clouds,2020-09-05 17:01:19
491,Nakhon Phanom,TH,17.41,104.78,78.64,86,98,1.57,light rain,2020-09-05 17:03:40
492,Nosy Varika,MG,-20.58,48.53,66.04,85,30,7.72,light rain,2020-09-05 17:03:40
493,Duluth,US,46.78,-92.11,69.01,37,1,5.82,clear sky,2020-09-05 17:01:12
494,Taraz,KZ,42.9,71.37,66.2,37,53,6.71,broken clouds,2020-09-05 17:02:05
495,Ituango,CO,7.17,-75.76,77.97,58,42,3.2,light rain,2020-09-05 17:03:41
496,Manzanillo,CU,20.34,-77.12,88.61,57,0,5.46,clear sky,2020-09-05 17:00:06
497,Beringovskiy,RU,63.05,179.32,45.1,73,100,7.52,overcast clouds,2020-09-05 17:03:41
498,Fortuna,US,40.6,-124.16,63.0,82,1,3.36,clear sky,2020-09-05 17:03:41
499,Daru,PG,-9.08,143.21,76.68,87,100,15.12,light rain,2020-09-05 17:03:41
500,Bozoum,CF,6.32,16.38,72.14,88,91,2.73,light rain,2020-09-05 17:03:42
501,Weinan,CN,34.5,109.51,75.0,88,96,6.71,overcast clouds,2020-09-05 17:03:42
502,Hoi An,VN,15.88,108.33,80.6,78,40,3.36,scattered clouds,2020-09-05 16:59:42
503,Pasighat,IN,28.07,95.33,77.23,84,99,2.66,light rain,2020-09-05 17:03:42
504,Pacific Grove,US,36.62,-121.92,66.2,68,1,5.37,clear sky,2020-09-05 17:03:43
505,Khor,RU,47.89,134.95,61.72,76,100,4.63,overcast clouds,2020-09-05 17:03:43
506,Abu Kamal,SY,34.45,40.92,88.77,12,0,1.7,clear sky,2020-09-05 17:03:43
507,Bereda,ES,43.27,-7.54,64.99,1,56,10.6,broken clouds,2020-09-05 17:03:43
508,Darhan,MN,49.49,105.92,59.25,90,100,9.01,light rain,2020-09-05 17:03:44
509,Filingue,NE,14.35,3.32,95.59,36,85,7.43,overcast clouds,2020-09-05 17:03:44
510,Qostanay,KZ,53.17,63.58,46.4,93,40,6.71,scattered clouds,2020-09-05 17:03:44
511,La Palma Del Condado,ES,37.39,-6.55,98.01,26,0,3.0,clear sky,2020-09-05 17:03:44
512,Bacolod,PH,10.67,122.95,79.57,84,92,7.61,light rain,2020-09-05 17:03:45
513,Ilo,PE,-17.64,-71.34,64.4,68,75,8.05,broken clouds,2020-09-05 17:03:45
514,Gravelbourg,CA,49.88,-106.55,79.57,25,5,10.33,clear sky,2020-09-05 17:03:45
515,Goya,AR,-29.14,-59.26,71.17,58,45,7.74,scattered clouds,2020-09-05 17:03:45
516,Bani,DO,18.28,-70.33,89.6,66,40,13.49,scattered clouds,2020-09-05 17:03:45
517,Tinskoy,RU,56.15,96.92,43.99,86,1,4.81,clear sky,2020-09-05 17:03:46
518,Kataysk,RU,56.29,62.58,45.77,84,0,4.81,clear sky,2020-09-05 17:03:46
519,Kiyasovo,RU,56.35,53.12,52.0,82,0,1.32,clear sky,2020-09-05 17:03:46
520,Rio Brilhante,BR,-21.8,-54.55,98.83,18,47,8.23,scattered clouds,2020-09-05 17:03:46
521,Mancio Lima,BR,-7.61,-72.9,89.6,66,20,5.82,few clouds,2020-09-05 17:03:47
522,Harnosand,SE,62.63,17.94,62.6,51,8,6.93,light rain,2020-09-05 17:03:47
523,Kontagora,NG,10.4,5.47,77.04,90,98,6.64,moderate rain,2020-09-05 17:03:47
524,Tautira,PF,-17.73,-149.15,75.2,83,75,13.87,broken clouds,2020-09-05 17:03:47
525,Miranda,CO,3.25,-76.23,86.0,55,40,3.36,scattered clouds,2020-09-05 17:03:47
526,Nuristan,AF,35.3,70.83,43.07,80,5,1.92,clear sky,2020-09-05 17:03:48
527,Gustavo Diaz Ordaz,MX,26.23,-98.58,73.4,88,90,6.93,light rain,2020-09-05 17:03:48
528,Palauig,PH,15.44,119.9,81.66,79,34,3.8,scattered clouds,2020-09-05 17:03:48
529,Pangai,TO,-19.8,-174.35,70.65,71,15,23.44,few clouds,2020-09-05 17:03:48
530,Kavieng,PG,-2.57,150.8,82.02,79,28,13.35,moderate rain,2020-09-05 17:03:49
531,Nelson Bay,AU,-32.72,152.15,55.0,93,90,4.7,overcast clouds,2020-09-05 17:03:49
532,Glendive,US,47.11,-104.71,80.01,31,1,6.93,clear sky,2020-09-05 17:03:49
533,Sinnamary,GF,5.38,-52.95,86.56,62,8,8.59,clear sky,2020-09-05 17:01:07
534,Puri,IN,19.8,85.85,84.2,89,20,6.93,haze,2020-09-05 17:03:50
535,Puerto Ayacucho,VE,5.66,-67.62,86.0,66,40,9.17,thunderstorm,2020-09-05 17:03:50
536,Mount Hagen,PG,-5.86,144.23,59.0,93,100,2.35,light rain,2020-09-05 17:03:50
537,San Andres,CO,12.58,-81.7,86.0,74,75,4.7,broken clouds,2020-09-05 17:03:50
538,Ostersund,SE,63.18,14.64,50.0,87,72,3.36,light rain,2020-09-05 17:03:51
539,Poum,NC,-20.23,164.02,69.8,72,10,14.2,clear sky,2020-09-05 17:03:51
540,Komsomolskiy,UZ,40.43,71.72,75.2,31,0,4.7,clear sky,2020-09-05 17:03:51
541,Minot,US,48.23,-101.3,78.01,33,1,12.75,clear sky,2020-09-05 17:03:52
542,Shaowu,CN,27.34,117.48,70.12,85,1,1.19,clear sky,2020-09-05 17:03:52
543,Allapalli,IN,19.42,80.07,79.72,89,100,1.88,overcast clouds,2020-09-05 17:03:52
544,Rovaniemi,FI,66.5,25.72,55.4,87,56,9.17,broken clouds,2020-09-05 17:03:52
545,Nyurba,RU,63.28,118.33,50.9,88,90,4.9,overcast clouds,2020-09-05 17:03:52
546,Bolgatanga,GH,10.79,-0.85,77.41,83,86,7.34,overcast clouds,2020-09-05 17:03:53
547,Fairbanks,US,64.84,-147.72,44.6,100,90,4.7,overcast clouds,2020-09-05 16:59:37
548,Chapais,CA,49.78,-74.85,53.6,71,75,9.17,broken clouds,2020-09-05 17:03:53
549,Manbij,SY,36.53,37.95,89.6,22,0,4.7,clear sky,2020-09-05 17:03:53
550,Santa Maria,BR,-29.68,-53.81,57.2,93,90,16.11,overcast clouds,2020-09-05 17:02:13
551,Irituia,BR,-1.77,-47.44,95.63,38,21,5.79,few clouds,2020-09-05 17:03:54
552,Melville,US,40.79,-73.42,78.01,33,1,4.7,clear sky,2020-09-05 17:01:29
553,Champoton,MX,19.35,-90.72,86.0,74,40,17.22,scattered clouds,2020-09-05 17:03:54
554,Alofi,NU,-19.06,-169.92,69.8,64,25,9.17,scattered clouds,2020-09-05 17:03:54
555,Eregli,TR,37.51,34.05,71.06,48,0,5.77,clear sky,2020-09-05 17:03:54
556,Huarmey,PE,-10.07,-78.15,67.42,64,26,12.21,scattered clouds,2020-09-05 17:03:55
557,Valparaiso,CL,-33.04,-71.63,59.0,71,40,6.93,scattered clouds,2020-09-05 17:03:55
558,Develi,TR,38.39,35.49,80.6,42,20,12.75,few clouds,2020-09-05 17:03:55
559,Padang,ID,-0.95,100.35,77.02,79,100,5.19,light rain,2020-09-05 17:03:55
560,Wanganui,NZ,-39.93,175.05,54.0,71,100,5.01,overcast clouds,2020-09-05 17:03:56
561,Jiayuguan,CN,39.82,98.3,65.48,28,76,1.72,broken clouds,2020-09-05 17:03:56
562,Erzurum,TR,40.0,41.5,73.4,23,71,8.05,broken clouds,2020-09-05 16:59:26
563,Lishui,CN,28.46,119.91,67.21,73,22,2.08,few clouds,2020-09-05 17:03:56
564,Vallenar,CL,-28.57,-70.76,76.21,19,45,5.97,scattered clouds,2020-09-05 17:03:57
565,Springdale,US,36.19,-94.13,82.99,88,20,8.05,few clouds,2020-09-05 17:01:49
566,Veraval,IN,20.9,70.37,82.29,84,94,10.49,overcast clouds,2020-09-05 17:03:57
567,Flinders,AU,-34.58,150.86,54.0,81,32,4.36,scattered clouds,2020-09-05 17:03:57
568,Camacha,PT,33.08,-16.33,75.2,73,75,13.87,broken clouds,2020-09-05 17:03:57
569,Cap Malheureux,MU,-19.98,57.61,69.01,76,2,4.0,clear sky,2020-09-05 17:03:58
570,Kahului,US,20.89,-156.47,78.8,65,40,11.41,scattered clouds,2020-09-05 17:03:58
571,Edd,ER,13.93,41.69,91.04,60,6,7.78,clear sky,2020-09-05 17:03:58
572,Balezino,RU,57.98,53.01,49.66,78,0,1.79,clear sky,2020-09-05 17:03:58
573,Arnstadt,DE,50.83,10.95,61.0,67,20,4.7,few clouds,2020-09-05 17:03:59
574,Sept-Iles,CA,50.2,-66.38,57.2,62,75,10.29,broken clouds,2020-09-05 17:03:59
575,Siverek,TR,37.76,39.32,91.4,15,0,9.17,clear sky,2020-09-05 17:03:59
576,San Quintin,MX,30.48,-115.95,86.34,42,0,6.71,clear sky,2020-09-05 17:03:59
577,Sumbuya,SL,7.65,-11.96,77.76,87,84,5.3,light rain,2020-09-05 17:04:00
578,Bonavista,CA,48.65,-53.11,64.33,94,99,20.49,moderate rain,2020-09-05 17:04:00
579,Te Anau,NZ,-45.42,167.72,41.68,87,31,3.06,scattered clouds,2020-09-05 17:04:00
580,Honolulu,US,21.31,-157.86,78.8,65,75,11.41,broken clouds,2020-09-05 17:00:27
581,Rincon,US,32.3,-81.24,97.0,50,20,3.36,few clouds,2020-09-05 17:04:00
582,Tura,IN,25.52,90.22,75.63,92,33,4.05,scattered clouds,2020-09-05 17:01:21
583,Rotherham,GB,53.43,-1.36,60.01,70,90,3.0,overcast clouds,2020-09-05 17:04:01
584,San Rafael Del Sur,NI,11.85,-86.44,86.0,70,40,1.14,scattered clouds,2020-09-05 17:04:01
585,Akyab,MM,20.15,92.9,82.76,78,96,2.95,overcast clouds,2020-09-05 17:04:01
586,Kintinku,TZ,-5.88,35.23,75.2,47,20,11.41,few clouds,2020-09-05 17:04:01
587,Pauri,IN,30.15,78.78,65.16,100,4,1.83,clear sky,2020-09-05 17:04:02
588,Xichang,CN,27.9,102.26,68.47,79,100,3.42,moderate rain,2020-09-05 17:04:02
589,Mala Tokmachka,UA,47.54,35.89,78.8,26,100,8.95,overcast clouds,2020-09-05 17:04:02
590,High Rock,BS,26.62,-78.28,87.8,79,75,8.05,broken clouds,2020-09-05 17:03:08
591,Akhmeta,GE,42.03,45.21,78.8,50,19,5.82,few clouds,2020-09-05 17:04:02
592,Uddevalla,SE,58.35,11.94,57.99,71,50,14.99,scattered clouds,2020-09-05 16:59:43
593,Cabra,ES,37.47,-4.44,96.8,20,0,4.7,clear sky,2020-09-05 17:04:03
594,Teya,RU,60.38,92.63,40.62,90,54,4.81,broken clouds,2020-09-05 17:04:03
595,Ust-Maya,RU,60.42,134.53,50.25,96,100,2.15,overcast clouds,2020-09-05 17:04:03
596,Port Moresby,PG,-9.44,147.18,77.0,94,90,17.22,overcast clouds,2020-09-05 17:04:04
597,Ruidoso,US,33.33,-105.67,77.0,23,1,10.29,clear sky,2020-09-05 17:00:32
598,Mongoumba,CF,3.64,18.59,73.76,94,96,1.39,light rain,2020-09-05 17:04:04
599,Douentza,ML,15.0,-2.95,87.17,46,90,9.17,overcast clouds,2020-09-05 17:04:04
600,Yerbogachen,RU,61.28,108.01,54.86,89,50,8.3,scattered clouds,2020-09-05 17:04:04
601,Maningrida,AU,-12.07,134.27,69.31,87,36,8.66,scattered clouds,2020-09-05 17:04:05
602,Ergani,TR,38.27,39.76,93.2,13,40,11.41,scattered clouds,2020-09-05 17:04:05
603,Martapura,ID,-3.42,114.85,74.01,92,25,1.63,scattered clouds,2020-09-05 17:04:05
604,Pandan,PH,14.05,124.17,81.25,83,97,6.4,light rain,2020-09-05 17:04:06
605,Smoky Lake,CA,54.12,-112.47,61.0,83,99,1.01,light rain,2020-09-05 17:04:06
606,Darnah,LY,32.77,22.64,76.93,68,0,20.58,clear sky,2020-09-05 17:04:06
607,Amazar,RU,53.86,120.88,51.15,91,79,3.98,broken clouds,2020-09-05 17:04:06
608,Koutsouras,GR,35.03,25.95,77.0,53,0,21.0,clear sky,2020-09-05 17:04:06
609,Bulawayo,ZW,-20.15,28.58,61.56,43,0,10.8,clear sky,2020-09-05 17:04:07
610,Ocean City,US,39.28,-74.57,79.0,41,1,10.29,clear sky,2020-09-05 17:04:07
611,Sur,OM,22.57,59.53,81.36,70,0,11.99,clear sky,2020-09-05 17:04:07
612,Avera,US,33.19,-82.53,89.6,62,40,10.29,scattered clouds,2020-09-05 17:04:07
613,Djambala,CG,-2.54,14.75,80.87,49,21,3.69,few clouds,2020-09-05 17:02:08
614,Vilhena,BR,-12.74,-60.15,93.2,24,26,12.75,smoke,2020-09-05 17:04:08
615,Brookings,US,44.31,-96.8,75.99,56,2,6.93,clear sky,2020-09-05 17:04:08
616,Yulara,AU,-25.24,130.99,64.4,22,0,8.05,clear sky,2020-09-05 17:04:08
617,Podgornoye,RU,51.73,39.15,64.4,36,100,4.47,overcast clouds,2020-09-05 17:04:09
618,Funadhoo,MV,6.15,73.27,82.24,80,95,19.26,light rain,2020-09-05 17:04:09
619,Yaan,NG,7.38,8.57,74.46,93,87,9.8,moderate rain,2020-09-05 17:04:09
620,Phan Thiet,VN,10.93,108.1,78.93,86,66,2.98,broken clouds,2020-09-05 17:00:40
621,Wewak,PG,-3.55,143.63,77.14,89,97,7.45,moderate rain,2020-09-05 17:04:09
622,Carutapera,BR,-1.2,-46.02,87.42,61,36,11.18,light rain,2020-09-05 17:04:10
623,Kastamonu,TR,41.5,33.67,61.97,74,53,7.52,broken clouds,2020-09-05 17:04:10
624,Faya,SA,18.39,42.45,80.6,14,20,12.75,few clouds,2020-09-05 17:04:10
625,Roswell,US,34.02,-84.36,84.99,61,1,3.36,clear sky,2020-09-05 17:01:37
626,Haines Junction,CA,60.75,-137.51,45.84,66,35,2.13,scattered clouds,2020-09-05 17:04:10
627,Praya,CV,14.92,-23.51,75.2,94,75,17.22,broken clouds,2020-09-05 17:02:56
628,Sharjah,AE,25.36,55.4,98.6,44,0,5.82,clear sky,2020-09-05 17:04:11
629,Ereymentau,KZ,51.62,73.1,44.64,68,75,4.03,broken clouds,2020-09-05 17:04:11
630,Tynda,RU,55.17,124.72,52.27,92,99,4.85,overcast clouds,2020-09-05 17:04:12
631,Axim,GH,4.87,-2.24,77.43,79,99,10.25,overcast clouds,2020-09-05 17:04:12
632,Thinadhoo,MV,0.53,72.93,78.73,83,100,34.18,moderate rain,2020-09-05 17:04:12
633,Leshukonskoye,RU,64.9,45.76,59.04,75,98,8.55,overcast clouds,2020-09-05 17:04:12
634,Camopi,GF,3.17,-52.32,95.52,38,90,2.66,overcast clouds,2020-09-05 17:04:12
635,Shimoda,JP,34.67,138.95,73.0,95,6,11.7,light rain,2020-09-05 17:04:13
636,Baykit,RU,61.67,96.37,51.08,88,100,4.74,moderate rain,2020-09-05 17:04:13
637,Longview,US,32.5,-94.74,82.99,78,1,6.4,clear sky,2020-09-05 17:04:13
638,Orotukan,RU,62.27,151.7,43.09,80,1,8.46,clear sky,2020-09-05 17:04:13
639,Jishou,CN,28.32,109.72,72.34,88,91,2.15,overcast clouds,2020-09-05 17:04:14
640,Keighley,GB,53.87,-1.91,57.99,71,20,17.22,few clouds,2020-09-05 17:04:14
641,Malakal,SS,9.53,31.66,74.43,89,88,2.51,overcast clouds,2020-09-05 17:04:14
642,Koungou,YT,-12.73,45.2,77.0,69,0,6.93,clear sky,2020-09-05 17:04:14
643,Finschhafen,PG,-6.6,147.87,78.75,76,100,8.34,light rain,2020-09-05 17:04:15
644,Blankenberge,BE,51.31,3.13,63.0,63,20,10.29,few clouds,2020-09-05 17:04:15
645,Sao Bento Do Sul,BR,-26.25,-49.38,72.0,81,44,3.0,scattered clouds,2020-09-05 17:04:15
646,Aquiraz,BR,-3.9,-38.39,84.2,54,0,16.11,clear sky,2020-09-05 17:00:44
647,Alexandria,EG,31.22,29.96,80.1,68,0,15.88,clear sky,2020-09-05 16:59:28
648,Challans,FR,46.84,-1.87,69.8,49,4,6.93,clear sky,2020-09-05 17:04:15
649,Bolshaya Rechka,RU,51.95,104.74,50.0,76,90,17.9,overcast clouds,2020-09-05 17:04:16
650,Poso,ID,-1.4,120.75,76.91,76,100,4.83,overcast clouds,2020-09-05 17:04:16
651,Riyadh,SA,24.69,46.72,100.4,16,23,3.36,few clouds,2020-09-05 17:00:30
652,Bar Harbor,US,44.39,-68.2,73.0,43,40,8.05,scattered clouds,2020-09-05 17:04:16
653,Pyapon,MM,16.28,95.68,80.2,85,98,5.59,overcast clouds,2020-09-05 17:04:17
654,Rurrenabaque,BO,-14.44,-67.53,98.24,29,12,5.5,few clouds,2020-09-05 17:04:17
655,Sao Francisco Do Sul,BR,-26.24,-48.64,68.0,82,75,8.05,broken clouds,2020-09-05 17:02:19
656,Zhaozhou,CN,45.68,125.32,60.12,92,0,10.02,clear sky,2020-09-05 17:04:17
657,Alta Floresta,BR,-9.88,-56.09,107.89,10,14,4.29,few clouds,2020-09-05 17:04:17
658,Talas,TR,38.69,35.55,80.6,42,20,12.75,few clouds,2020-09-05 17:04:18
659,Ugoofaaru,MV,5.67,73.0,81.95,80,94,21.23,light rain,2020-09-05 17:04:18
660,Omboue,GA,-1.57,9.26,75.11,76,76,8.5,broken clouds,2020-09-05 17:04:18
661,Pochutla,MX,15.74,-96.47,87.01,70,75,4.32,broken clouds,2020-09-05 17:04:18
662,Bidor,MY,4.11,101.29,80.01,88,40,2.24,light rain,2020-09-05 17:04:19
663,Oskemen,KZ,49.96,82.61,42.8,93,40,2.24,scattered clouds,2020-09-05 17:04:19
664,Puerto Palomas,MX,31.77,-107.62,82.4,34,1,10.29,clear sky,2020-09-05 17:04:19
665,Brae,GB,60.4,-1.35,51.8,76,40,24.16,scattered clouds,2020-09-05 17:03:05
666,Fremont,US,37.55,-121.99,77.0,77,5,0.85,clear sky,2020-09-05 17:01:06
667,Portobelo,PA,9.55,-79.65,88.0,74,10,5.99,light rain,2020-09-05 17:04:20
668,Ixtapa,MX,20.7,-105.2,88.0,79,90,3.22,overcast clouds,2020-09-05 17:04:20
669,Sibu,MY,2.3,111.82,77.0,100,40,1.12,scattered clouds,2020-09-05 17:04:20
670,Urucurituba,BR,-2.68,-57.67,103.12,19,51,4.32,broken clouds,2020-09-05 17:04:20
671,Nizhniy Kuranakh,RU,58.84,125.49,46.99,91,43,0.22,scattered clouds,2020-09-05 17:04:20
672,Severobaykalsk,RU,55.65,109.32,54.23,74,100,2.1,overcast clouds,2020-09-05 17:04:21
673,Panambi,BR,-28.29,-53.5,68.0,72,6,5.82,clear sky,2020-09-05 17:01:46
674,Katherine,AU,-14.47,132.27,75.2,29,43,1.12,scattered clouds,2020-09-05 17:04:21
675,Ayan,RU,56.45,138.17,52.18,92,99,3.8,overcast clouds,2020-09-05 17:04:22
676,Noumea,NC,-22.28,166.46,64.4,72,75,3.36,broken clouds,2020-09-05 17:04:22
677,La Paz,BO,-16.5,-68.15,62.6,23,20,8.05,few clouds,2020-09-05 17:02:32
678,Kambove,CD,-10.88,26.6,64.13,27,0,3.38,clear sky,2020-09-05 17:04:23
679,Oktyabrskiy,RU,54.48,53.47,50.41,78,0,2.91,clear sky,2020-09-05 17:04:23
680,Turangi,NZ,-39.0,175.93,48.99,92,99,3.04,overcast clouds,2020-09-05 17:04:23
681,Alcudia,ES,39.85,3.12,80.6,57,0,11.41,clear sky,2020-09-05 17:04:24
682,Vizinga,RU,61.07,50.1,54.27,89,49,4.74,scattered clouds,2020-09-05 17:04:24
683,Conde,BR,-7.26,-34.91,84.2,51,75,17.22,broken clouds,2020-09-05 17:04:24
684,Mujiayingzi,CN,42.12,118.78,60.4,58,15,5.82,few clouds,2020-09-05 17:04:24
685,Kampong Cham,KH,11.99,105.46,79.95,86,97,6.55,overcast clouds,2020-09-05 17:04:25
686,Geraldton,AU,-28.77,114.6,53.6,93,75,8.05,broken clouds,2020-09-05 17:04:25
687,Coracao De Maria,BR,-12.23,-38.75,82.36,45,33,12.95,scattered clouds,2020-09-05 17:04:25
688,Churapcha,RU,62.0,132.43,49.55,93,100,5.1,overcast clouds,2020-09-05 17:04:25
689,Vangaindrano,MG,-23.35,47.6,63.25,84,12,8.14,light rain,2020-09-05 17:04:26
690,Buriti Alegre,BR,-18.14,-49.04,90.5,15,20,9.13,few clouds,2020-09-05 17:02:53
691,Svetlyy,RU,54.67,20.13,62.6,88,40,6.71,scattered clouds,2020-09-05 17:04:26
692,Porto Torres,IT,40.84,8.4,84.2,45,0,9.17,clear sky,2020-09-05 17:04:26
693,Adavere,EE,58.71,25.9,63.0,84,100,3.42,light rain,2020-09-05 17:04:27
694,Tilichiki,RU,60.47,166.1,32.36,96,0,6.82,clear sky,2020-09-05 17:04:27
695,Kilindoni,TZ,-7.91,39.67,75.99,74,0,11.65,clear sky,2020-09-05 17:04:27
696,Zyryanka,RU,65.75,150.85,45.01,69,4,5.77,clear sky,2020-09-05 17:04:27
697,Ngunguru,NZ,-35.62,174.5,51.01,3,100,1.01,overcast clouds,2020-09-05 17:04:27
698,The Pas,CA,53.83,-101.25,60.8,59,1,4.7,clear sky,2020-09-05 17:04:01
699,Tuy Hoa,VN,13.08,109.3,78.69,85,95,5.32,overcast clouds,2020-09-05 17:04:28
700,Doha,QA,25.29,51.53,98.6,50,0,3.36,clear sky,2020-09-05 17:04:00
701,Tabas,IR,33.6,56.92,89.6,10,0,6.93,clear sky,2020-09-05 17:02:06
702,Port Hardy,CA,50.7,-127.42,57.2,93,90,3.36,overcast clouds,2020-09-05 17:04:29
703,Skibbereen,IE,51.55,-9.27,62.6,59,75,14.99,broken clouds,2020-09-05 17:04:29
704,Liverpool,GB,53.41,-2.98,60.01,77,40,9.17,scattered clouds,2020-09-05 17:00:38
705,Taunggyi,MM,20.78,97.03,64.71,100,69,2.42,broken clouds,2020-09-05 17:04:29
706,Giresun,TR,40.5,38.5,77.0,65,75,4.7,broken clouds,2020-09-05 17:04:30
707,Mkuranga,TZ,-7.12,39.21,75.2,78,20,11.41,few clouds,2020-09-05 17:04:30
708,Puerto Madryn,AR,-42.77,-65.04,55.38,46,9,17.31,clear sky,2020-09-05 17:04:30
709,Daur,PK,26.46,68.32,87.8,70,95,4.7,overcast clouds,2020-09-05 17:04:30
710,Fos-Sur-Mer,FR,43.44,4.94,80.6,54,0,10.29,clear sky,2020-09-05 17:04:31
711,San Jeronimo,PE,-11.95,-75.28,61.65,38,36,1.9,light rain,2020-09-05 17:04:31
712,Dalvik,IS,65.97,-18.53,51.8,50,98,6.93,overcast clouds,2020-09-05 17:04:31
